{
	"id": "4bb3f22c-01ad-157d-33c3-c385342b9990",
	"name": "NYC Benefits Eligibility API",
	"description": "",
	"order": [
		"9b238767-1b1e-4a9f-e2f9-eab2efa6a0e5",
		"83e3fdee-c32d-ae2e-9d92-b59dd81e6fd1",
		"fe956a5b-75a6-d5bc-404c-92adf7e68fc1"
	],
	"folders": [
		{
			"id": "7f90d306-9547-27ef-6b84-2645ce451a2d",
			"name": "Bulk Submission Import",
			"description": "",
			"order": [
				"ad13e874-cd2b-47a5-9881-1b82d687c160",
				"843f52f7-8f16-ca85-2c37-2ca281ef4a55"
			],
			"folders_order": [],
			"owner": "5611656",
			"collectionId": "4bb3f22c-01ad-157d-33c3-c385342b9990"
		},
		{
			"id": "7c49f016-c9dc-2cbf-2f55-f5d8c5f321eb",
			"name": "Eligibility Programs",
			"description": "This group contains tests for the Eligibility Programs (single request) endpoint. Authorization is managed by the Pre-request Script setting the appropriate environment variables for {{username}} and {{token}}. ",
			"order": [
				"1d5b3973-c0fc-03af-e828-35b966fb8f3b"
			],
			"folders_order": [],
			"owner": "5611656",
			"collectionId": "4bb3f22c-01ad-157d-33c3-c385342b9990"
		}
	],
	"folders_order": [
		"7c49f016-c9dc-2cbf-2f55-f5d8c5f321eb",
		"7f90d306-9547-27ef-6b84-2645ce451a2d"
	],
	"timestamp": 0,
	"owner": "5611656",
	"public": false,
	"requests": [
		{
			"id": "1d5b3973-c0fc-03af-e828-35b966fb8f3b",
			"headers": "Content-Type: application/json\nAuthorization: {{token}}\n",
			"headerData": [
				{
					"key": "Content-Type",
					"value": "application/json",
					"description": "",
					"enabled": true
				},
				{
					"key": "Authorization",
					"value": "{{token}}",
					"description": "",
					"enabled": true
				}
			],
			"url": "https://{{endpoint}}/access-nyc-rest/eligibilityPrograms",
			"folder": "7c49f016-c9dc-2cbf-2f55-f5d8c5f321eb",
			"queryParams": [],
			"preRequestScript": null,
			"pathVariables": {},
			"pathVariableData": [],
			"method": "POST",
			"data": [],
			"dataMode": "raw",
			"tests": null,
			"currentHelper": "normal",
			"helperAttributes": {},
			"time": 1548172269251,
			"name": "Basic Request",
			"description": "",
			"collectionId": "4bb3f22c-01ad-157d-33c3-c385342b9990",
			"responses": [],
			"rawModeData": "{\r\n  \"commands\": [\r\n    {\r\n      \"insert\": {\r\n        \"object\": {\r\n          \"accessnyc.request.Household\": {\r\n            \"zip\": \"11201\",\r\n            \"city\": \"NYC\",\r\n            \"members\": \"1\",\r\n            \"cashOnHand\": \"50000\",\r\n            \"livingRentalType\": \"RentControlled\",\r\n            \"livingRenting\": \"true\",\r\n            \"livingOwner\": \"false\",\r\n            \"livingStayingWithFriend\": \"false\",\r\n            \"livingHotel\": \"false\",\r\n            \"livingShelter\": \"false\",\r\n            \"livingPreferNotToSay\": \"false\"\r\n          }\r\n        }\r\n      }\r\n    },\r\n    {\r\n      \"insert\": {\r\n        \"object\": {\r\n          \"accessnyc.request.Person\": {\r\n            \"age\": \"35\",\r\n            \"applicant\": \"false\",\r\n            \"incomes\": [\r\n              {\r\n                \"amount\": \"200\",\r\n                \"type\": \"Veteran\",\r\n                \"frequency\": \"monthly\"\r\n              }\r\n            ],\r\n            \"expenses\": [\r\n              {\r\n                \"amount\": \"50\",\r\n                \"type\": \"Medical\",\r\n                \"frequency\": \"weekly\"\r\n              }\r\n            ],\r\n            \"student\": \"false\",\r\n            \"studentFulltime\": \"false\",\r\n            \"pregnant\": \"false\",\r\n            \"unemployed\": \"false\",\r\n            \"unemployedWorkedLast18Months\": \"false\",\r\n            \"blind\": \"false\",\r\n            \"disabled\": \"false\",\r\n            \"veteran\": \"true\",\r\n            \"benefitsMedicaid\": \"false\",\r\n            \"benefitsMedicaidDisability\": \"false\",\r\n            \"headOfHousehold\": \"false\",\r\n            \"headOfHouseholdRelation\": \"Spouse\",\r\n            \"livingOwnerOnDeed\": \"false\",\r\n            \"livingRentalOnLease\": \"true\"\r\n          }\r\n        }\r\n      }\r\n    }\r\n  ]\r\n}"
		},
		{
			"id": "83e3fdee-c32d-ae2e-9d92-b59dd81e6fd1",
			"headers": "Content-Type: application/json\n",
			"headerData": [
				{
					"key": "Content-Type",
					"value": "application/json",
					"description": "",
					"enabled": true
				}
			],
			"url": "https://{{endpoint}}/access-nyc-rest/authToken",
			"queryParams": [],
			"preRequestScript": null,
			"pathVariables": {},
			"pathVariableData": [],
			"method": "POST",
			"data": [],
			"dataMode": "raw",
			"tests": null,
			"currentHelper": "normal",
			"helperAttributes": {},
			"time": 1548172678829,
			"name": "Reset Password",
			"description": "",
			"collectionId": "4bb3f22c-01ad-157d-33c3-c385342b9990",
			"responses": [],
			"rawModeData": "{\r\n\t\"username\" : \"{{username}}\",\r\n\t\"password\": \"{{current_password}}\",\r\n\t\"newPassword\": \"{{new_password}}\"\r\n}"
		},
		{
			"id": "843f52f7-8f16-ca85-2c37-2ca281ef4a55",
			"headers": "Authorization: {{token}}\n",
			"headerData": [
				{
					"key": "Authorization",
					"value": "{{token}}",
					"description": "",
					"enabled": true
				}
			],
			"url": "https://{{endpoint}}/access-nyc-rest/bulkSubmission/import",
			"folder": "7f90d306-9547-27ef-6b84-2645ce451a2d",
			"queryParams": [],
			"preRequestScript": null,
			"pathVariables": {},
			"pathVariableData": [],
			"method": "POST",
			"data": [
				{
					"key": "",
					"type": "file",
					"src": null,
					"value": ""
				}
			],
			"dataMode": "params",
			"tests": null,
			"currentHelper": "normal",
			"helperAttributes": {},
			"time": 1548172322825,
			"name": "Filtered Request",
			"description": "",
			"collectionId": "4bb3f22c-01ad-157d-33c3-c385342b9990",
			"responses": []
		},
		{
			"id": "9b238767-1b1e-4a9f-e2f9-eab2efa6a0e5",
			"headers": "Content-Type: application/json\n",
			"headerData": [
				{
					"key": "Content-Type",
					"value": "application/json",
					"description": "",
					"enabled": true
				}
			],
			"url": "https://{{endpoint}}/access-nyc-rest/authToken",
			"queryParams": [],
			"preRequestScript": null,
			"pathVariables": {},
			"pathVariableData": [],
			"method": "POST",
			"data": [],
			"dataMode": "raw",
			"tests": null,
			"currentHelper": "normal",
			"helperAttributes": {},
			"time": 1548172662509,
			"name": "Auth Token",
			"description": "",
			"collectionId": "4bb3f22c-01ad-157d-33c3-c385342b9990",
			"responses": [],
			"rawModeData": "{\r\n\t\"username\" : \"{{username}}\",\r\n    \"password\": \"{{temp_password}}\",\r\n    \"newPassword\": \"{{new_password}}\"\r\n}"
		},
		{
			"id": "ad13e874-cd2b-47a5-9881-1b82d687c160",
			"headers": "Authorization: {{token}}\n",
			"headerData": [
				{
					"key": "Authorization",
					"value": "{{token}}",
					"description": "",
					"enabled": true
				}
			],
			"url": "https://{{endpoint}}/access-nyc-rest/bulkSubmission/import",
			"folder": "7f90d306-9547-27ef-6b84-2645ce451a2d",
			"queryParams": [],
			"preRequestScript": null,
			"pathVariables": {},
			"pathVariableData": [],
			"method": "POST",
			"data": [
				{
					"key": "",
					"type": "file",
					"src": null,
					"value": ""
				}
			],
			"dataMode": "params",
			"tests": null,
			"currentHelper": "normal",
			"helperAttributes": {},
			"time": 1548172317232,
			"name": "Basic Request",
			"description": "",
			"collectionId": "4bb3f22c-01ad-157d-33c3-c385342b9990",
			"responses": []
		},
		{
			"id": "fe956a5b-75a6-d5bc-404c-92adf7e68fc1",
			"headers": "Content-Type: application/json\n",
			"headerData": [
				{
					"key": "Content-Type",
					"value": "application/json",
					"description": "",
					"enabled": true
				}
			],
			"url": "https://{{endpoint}}/access-nyc-rest/forgotPassword",
			"queryParams": [],
			"preRequestScript": null,
			"pathVariables": {},
			"pathVariableData": [],
			"method": "POST",
			"data": [],
			"dataMode": "raw",
			"tests": null,
			"currentHelper": "normal",
			"helperAttributes": {},
			"time": 1548172683901,
			"name": "Forgot Password",
			"description": "",
			"collectionId": "4bb3f22c-01ad-157d-33c3-c385342b9990",
			"responses": [],
			"rawModeData": "{\r\n\t\"username\" : \"{{username}}\"\r\n}"
		}
	]
}