caseId,Household.members,Household.cashOnHand,Household.livingRentalType,Household.livingRenting,Household.livingOwner,Household.livingStayingWithFriend,Household.livingHotel,Household.livingShelter,Household.livingPreferNotToSay,1.Person.age,1.Person.student,1.Person.studentFulltime,1.Person.pregnant,1.Person.unemployed,1.Person.unemployedWorkedLast18Months,1.Person.blind,1.Person.disabled,1.Person.veteran,1.Person.benefitsMedicaid,1.Person.benefitsMedicaidDisability,1.Person.headOfHousehold,1.Person.headOfHouseholdRelation,1.Person.livingOwnerOnDeed,1.Person.livingRentalOnLease,1.Person.incomes.1.amount,1.Person.incomes.1.type,1.Person.incomes.1.frequency,1.Person.incomes.2.amount,1.Person.incomes.2.type,1.Person.incomes.2.frequency,1.Person.expenses.1.amount,1.Person.expenses.1.type,1.Person.expenses.1.frequency,1.Person.expenses.2.amount,1.Person.expenses.2.type,1.Person.expenses.2.frequency,1.Person.expenses.3.amount,1.Person.expenses.3.type,1.Person.expenses.3.frequency,1.Person.expenses.4.amount,1.Person.expenses.4.type,1.Person.expenses.4.frequency,2.Person.age,2.Person.student,2.Person.studentFulltime,2.Person.pregnant,2.Person.unemployed,2.Person.unemployedWorkedLast18Months,2.Person.blind,2.Person.disabled,2.Person.veteran,2.Person.benefitsMedicaid,2.Person.benefitsMedicaidDisability,2.Person.headOfHousehold,2.Person.headOfHouseholdRelation,2.Person.livingOwnerOnDeed,2.Person.livingRentalOnLease,2.Person.incomes.1.amount,2.Person.incomes.1.type,2.Person.incomes.1.frequency,2.Person.expenses.1.amount,2.Person.expenses.1.type,2.Person.expenses.1.frequency,2.Person.expenses.2.amount,2.Person.expenses.2.type,2.Person.expenses.2.frequency,3.Person.age,3.Person.student,3.Person.studentFulltime,3.Person.pregnant,3.Person.unemployed,3.Person.unemployedWorkedLast18Months,3.Person.blind,3.Person.disabled,3.Person.veteran,3.Person.benefitsMedicaid,3.Person.benefitsMedicaidDisability,3.Person.headOfHousehold,3.Person.headOfHouseholdRelation,3.Person.livingOwnerOnDeed,3.Person.livingRentalOnLease,3.Person.incomes.1.amount,3.Person.incomes.1.type,3.Person.incomes.1.frequency,3.Person.expenses.1.amount,3.Person.expenses.1.type,3.Person.expenses.1.frequency,3.Person.expenses.2.amount,3.Person.expenses.2.type,3.Person.expenses.2.frequency,3.Person.expenses.3.amount,3.Person.expenses.3.type,3.Person.expenses.3.frequency,4.Person.age,4.Person.student,4.Person.studentFulltime,4.Person.pregnant,4.Person.unemployed,4.Person.unemployedWorkedLast18Months,4.Person.blind,4.Person.disabled,4.Person.veteran,4.Person.benefitsMedicaid,4.Person.benefitsMedicaidDisability,4.Person.headOfHousehold,4.Person.headOfHouseholdRelation,4.Person.livingOwnerOnDeed,4.Person.livingRentalOnLease,4.Person.incomes.1.amount,4.Person.incomes.1.type,4.Person.incomes.1.frequency,4.Person.expenses.1.amount,4.Person.expenses.1.type,4.Person.expenses.1.frequency,5.Person.age,5.Person.student,5.Person.studentFulltime,5.Person.pregnant,5.Person.unemployed,5.Person.unemployedWorkedLast18Months,5.Person.blind,5.Person.disabled,5.Person.veteran,5.Person.benefitsMedicaid,5.Person.benefitsMedicaidDisability,5.Person.headOfHousehold,5.Person.headOfHouseholdRelation,5.Person.livingOwnerOnDeed,5.Person.livingRentalOnLease,5.Person.incomes.1.amount,5.Person.incomes.1.type,5.Person.incomes.1.frequency,5.Person.expenses.1.amount,5.Person.expenses.1.type,5.Person.expenses.1.frequency,6.Person.age,6.Person.student,6.Person.studentFulltime,6.Person.pregnant,6.Person.unemployed,6.Person.unemployedWorkedLast18Months,6.Person.blind,6.Person.disabled,6.Person.veteran,6.Person.benefitsMedicaid,6.Person.benefitsMedicaidDisability,6.Person.headOfHousehold,6.Person.headOfHouseholdRelation,6.Person.livingOwnerOnDeed,6.Person.livingRentalOnLease,6.Person.incomes.1.amount,6.Person.incomes.1.type,6.Person.incomes.1.frequency,6.Person.expenses.1.amount,6.Person.expenses.1.type,6.Person.expenses.1.frequency,7.Person.age,7.Person.student,7.Person.studentFulltime,7.Person.pregnant,7.Person.unemployed,7.Person.unemployedWorkedLast18Months,7.Person.blind,7.Person.disabled,7.Person.veteran,7.Person.benefitsMedicaid,7.Person.benefitsMedicaidDisability,7.Person.headOfHousehold,7.Person.headOfHouseholdRelation,7.Person.livingOwnerOnDeed,7.Person.livingRentalOnLease,7.Person.incomes.1.amount,7.Person.incomes.1.type,7.Person.incomes.1.frequency,7.Person.expenses.1.amount,7.Person.expenses.1.type,7.Person.expenses.1.frequency
11111,1,0,RentControlled,TRUE,FALSE,FALSE,FALSE,FALSE,FALSE,62,FALSE,FALSE,FALSE,TRUE,TRUE,FALSE,FALSE,FALSE,TRUE,FALSE,TRUE,,FALSE,TRUE,200,Unemployment,weekly,,,,400,Utilities,monthly,,,,,,,,,,,,,,,,,,,,,,,,,,,,,,,,,,,,,,,,,,,,,,,,,,,,,,,,,,,,,,,,,,,,,,,,,,,,,,,,,,,,,,,,,,,,,,,,,,,,,,,,,,,,,,,,,,,,,,,,,,,,,,,,,,,,,,,,,,,,,,,,
22222,2,7821.99,NYCHA,TRUE,FALSE,FALSE,FALSE,FALSE,FALSE,55,FALSE,FALSE,FALSE,TRUE,FALSE,FALSE,FALSE,FALSE,TRUE,FALSE,TRUE,,FALSE,TRUE,500,Alimony,monthly,,,,,,,,,,,,,,,,21,TRUE,TRUE,FALSE,TRUE,TRUE,FALSE,FALSE,FALSE,TRUE,FALSE,FALSE,Child,FALSE,FALSE,,,,,,,,,,,,,,,,,,,,,,,,,,,,,,,,,,,,,,,,,,,,,,,,,,,,,,,,,,,,,,,,,,,,,,,,,,,,,,,,,,,,,,,,,,,,,,,,,,,,,,,,,,,,,,,,,,,,,,,,
33333,3,200,,FALSE,FALSE,FALSE,FALSE,FALSE,TRUE,35,FALSE,FALSE,FALSE,TRUE,TRUE,FALSE,FALSE,FALSE,FALSE,FALSE,FALSE,Child,FALSE,FALSE,,,,,,,64.98,Telephone,monthly,,,,,,,,,,58,FALSE,FALSE,FALSE,TRUE,FALSE,FALSE,FALSE,FALSE,TRUE,FALSE,TRUE,,FALSE,FALSE,,,,353,Rent,monthly,700,Utilities,monthly,18,FALSE,FALSE,FALSE,TRUE,FALSE,FALSE,FALSE,FALSE,FALSE,FALSE,FALSE,Grandchild,FALSE,FALSE,,,,,,,,,,,,,,,,,,,,,,,,,,,,,,,,,,,,,,,,,,,,,,,,,,,,,,,,,,,,,,,,,,,,,,,,,,,,,,,,,,,,,,,,,,,,,,,,
44444,1,0,RentControlled,TRUE,FALSE,FALSE,FALSE,FALSE,FALSE,86,FALSE,FALSE,FALSE,FALSE,FALSE,FALSE,FALSE,FALSE,FALSE,FALSE,TRUE,,FALSE,TRUE,1500,SSRetirement,monthly,75,Pension,monthly,1240,Rent,monthly,150,Utilities,monthly,50,Telephone,monthly,,,,,,,,,,,,,,,,,,,,,,,,,,,,,,,,,,,,,,,,,,,,,,,,,,,,,,,,,,,,,,,,,,,,,,,,,,,,,,,,,,,,,,,,,,,,,,,,,,,,,,,,,,,,,,,,,,,,,,,,,,,,,,,,,,,,,,,,,,
55555,4,0,,FALSE,TRUE,FALSE,FALSE,FALSE,FALSE,41,FALSE,FALSE,FALSE,FALSE,FALSE,FALSE,FALSE,FALSE,TRUE,FALSE,TRUE,,TRUE,FALSE,,,,,,,2929.98,Mortgage,monthly,300,Heating,monthly,250,Utilities,monthly,120,Telephone,monthly,39,FALSE,FALSE,FALSE,FALSE,FALSE,FALSE,FALSE,FALSE,TRUE,FALSE,FALSE,Spouse,FALSE,FALSE,,,,,,,,,,19,TRUE,TRUE,FALSE,FALSE,FALSE,FALSE,FALSE,FALSE,TRUE,FALSE,FALSE,Child,FALSE,FALSE,,,,,,,,,,,,,12,TRUE,TRUE,FALSE,FALSE,FALSE,FALSE,FALSE,FALSE,TRUE,FALSE,FALSE,Child,FALSE,FALSE,,,,,,,,,,,,,,,,,,,,,,,,,,,,,,,,,,,,,,,,,,,,,,,,,,,,,,,,,,,,,,,,,,,,,
66666,2,3.55,,TRUE,FALSE,FALSE,FALSE,FALSE,FALSE,29,FALSE,FALSE,FALSE,TRUE,FALSE,FALSE,TRUE,FALSE,TRUE,TRUE,TRUE,,FALSE,FALSE,,,,,,,,,,,,,,,,,,,2,FALSE,FALSE,FALSE,FALSE,FALSE,FALSE,FALSE,FALSE,TRUE,FALSE,FALSE,Child,FALSE,FALSE,,,,,,,,,,,,,,,,,,,,,,,,,,,,,,,,,,,,,,,,,,,,,,,,,,,,,,,,,,,,,,,,,,,,,,,,,,,,,,,,,,,,,,,,,,,,,,,,,,,,,,,,,,,,,,,,,,,,,,,,
77777,7,55000,,TRUE,FALSE,FALSE,FALSE,FALSE,FALSE,30,FALSE,FALSE,FALSE,FALSE,FALSE,FALSE,FALSE,FALSE,FALSE,FALSE,TRUE,,FALSE,TRUE,1000,Wages,weekly,,,,750,Rent,monthly,35,Telephone,monthly,60,Utilities,monthly,,,,31,FALSE,FALSE,FALSE,FALSE,FALSE,FALSE,FALSE,FALSE,FALSE,FALSE,FALSE,Spouse,FALSE,TRUE,,,,,,,,,,12,TRUE,TRUE,FALSE,FALSE,FALSE,FALSE,FALSE,FALSE,FALSE,FALSE,FALSE,Child,FALSE,FALSE,,,,,,,,,,,,,6,TRUE,TRUE,FALSE,FALSE,FALSE,FALSE,FALSE,FALSE,FALSE,FALSE,FALSE,Child,FALSE,FALSE,,,,,,,4,TRUE,TRUE,FALSE,FALSE,FALSE,FALSE,FALSE,FALSE,FALSE,FALSE,FALSE,Child,FALSE,FALSE,,,,,,,2,FALSE,FALSE,FALSE,FALSE,FALSE,FALSE,FALSE,FALSE,FALSE,FALSE,FALSE,Child,FALSE,FALSE,,,,,,,1,FALSE,FALSE,FALSE,FALSE,FALSE,FALSE,FALSE,FALSE,FALSE,FALSE,FALSE,Child,FALSE,FALSE,,,,,,
88888,3,50,,FALSE,FALSE,FALSE,FALSE,FALSE,TRUE,29,FALSE,FALSE,TRUE,FALSE,FALSE,FALSE,FALSE,FALSE,TRUE,FALSE,TRUE,,FALSE,FALSE,312,Wages,weekly,,,,150,ChildCare,weekly,40,Telephone,monthly,,,,,,,1,FALSE,FALSE,FALSE,FALSE,FALSE,FALSE,FALSE,FALSE,TRUE,FALSE,FALSE,Child,FALSE,FALSE,,,,,,,,,,22,FALSE,FALSE,FALSE,FALSE,FALSE,FALSE,FALSE,FALSE,TRUE,FALSE,FALSE,Spouse,FALSE,FALSE,412,Wages,weekly,48.87,Medical,monthly,46,Telephone,monthly,500,Rent,monthly,,,,,,,,,,,,,,,,,,,,,,,,,,,,,,,,,,,,,,,,,,,,,,,,,,,,,,,,,,,,,,,,,,,,,,,,,,,,,,,,,,,,
99999,5,0,FamilyHome,TRUE,FALSE,FALSE,FALSE,FALSE,FALSE,29,FALSE,FALSE,FALSE,FALSE,FALSE,FALSE,FALSE,FALSE,TRUE,FALSE,TRUE,,FALSE,TRUE,,,,,,,60,Telephone,monthly,,,,,,,,,,29,FALSE,FALSE,FALSE,TRUE,FALSE,FALSE,FALSE,FALSE,TRUE,FALSE,FALSE,Spouse,FALSE,TRUE,,,,,,,,,,10,TRUE,TRUE,FALSE,FALSE,FALSE,FALSE,FALSE,FALSE,TRUE,FALSE,FALSE,StepChild,FALSE,TRUE,,,,,,,,,,,,,8,TRUE,TRUE,FALSE,FALSE,FALSE,FALSE,FALSE,FALSE,TRUE,FALSE,FALSE,StepChild,FALSE,TRUE,,,,,,,1,FALSE,FALSE,FALSE,FALSE,FALSE,FALSE,FALSE,FALSE,TRUE,FALSE,FALSE,Child,FALSE,FALSE,,,,,,,,,,,,,,,,,,,,,,,,,,,,,,,,,,,,,,,,,,,,,,,,