{
  "id": "09b36229-3ef1-feb1-9817-90bbc31d560a",
  "name": "NYC Benefits Eligibility API",
  "values": [
    {
      "enabled": true,
      "key": "domain",
      "value": "sandbox.eligibilityapi.cityofnewyork.us",
      "type": "text"
    },
    {
      "enabled": true,
      "key": "username",
      "value": "",
      "type": "text"
    },
    {
      "enabled": true,
      "key": "token",
      "value": "",
      "type": "text"
    },
    {
      "enabled": true,
      "key": "temp_password",
      "value": "",
      "type": "text"
    },
    {
      "enabled": true,
      "key": "password",
      "value": "",
      "type": "text"
    },
    {
      "enabled": true,
      "key": "current_password",
      "value": "",
      "type": "text"
    },
    {
      "enabled": true,
      "key": "new_password",
      "value": "",
      "type": "text"
    },
    {
      "enabled": true,
      "key": "api_key",
      "value": "",
      "type": "text"
    },
    {
      "enabled": true,
      "key": "verification_code",
      "value": "",
      "type": "text"
    },
    {
      "enabled": true,
      "key": "interested_programs",
      "value": "S2R011|S2R007",
      "type": "text"
    }
  ],
  "timestamp": 1548172727740,
  "_postman_variable_scope": "environment",
  "_postman_exported_at": "2019-01-22T15:59:29.922Z",
  "_postman_exported_using": "Postman/5.5.4"
}