{
	"id": "cb252a31-39a2-4e01-ae42-0ed9a29bc99d",
	"name": "NYC Benefits Screening API",
	"values": [
		{
			"key": "domain",
			"value": "sandbox.screeningapi.cityofnewyork.us",
			"enabled": true
		},
		{
			"key": "username",
			"value": "",
			"enabled": true
		},
		{
			"key": "token",
			"value": "",
			"enabled": true
		},
		{
			"key": "temp_password",
			"value": "",
			"enabled": true
		},
		{
			"key": "password",
			"value": "",
			"enabled": true
		},
		{
			"key": "current_password",
			"value": "",
			"enabled": true
		},
		{
			"key": "new_password",
			"value": "",
			"enabled": true
		},
		{
			"key": "verification_code",
			"value": "",
			"enabled": true
		},
		{
			"key": "interested_programs",
			"value": "S2R011|S2R007",
			"enabled": true
		}
	],
	"_postman_variable_scope": "environment",
	"_postman_exported_at": "2019-03-11T17:54:40.504Z",
	"_postman_exported_using": "Postman/6.7.4"
}