{
	"info": {
		"_postman_id": "d1315723-130f-4f61-8b76-7380e6052bf9",
		"name": "NYC Benefits Screening API",
		"schema": "https://schema.getpostman.com/json/collection/v2.1.0/collection.json"
	},
	"item": [
		{
			"name": "Eligibility Programs",
			"item": [
				{
					"name": "Basic Request",
					"request": {
						"method": "POST",
						"header": [
							{
								"key": "Content-Type",
								"value": "application/json"
							},
							{
								"key": "Authorization",
								"value": "{{token}}"
							}
						],
						"body": {
							"mode": "raw",
							"raw": "[{\n\t\"household\": [{\n\t\t\"cashOnHand\": \"50000\",\n\t\t\"livingRentalType\": \"RentControlled\",\n\t\t\"livingRenting\": \"true\",\n\t\t\"livingOwner\": \"false\",\n\t\t\"livingStayingWithFriend\": \"false\",\n\t\t\"livingHotel\": \"false\",\n\t\t\"livingShelter\": \"false\",\n\t\t\"livingPreferNotToSay\": \"false\"\n\t}],\n\t\"person\": [{\n\t\t\"age\": \"35\",\n\t\t\"incomes\": [{\n\t\t\t\"amount\": \"200\",\n\t\t\t\"type\": \"Veteran\",\n\t\t\t\"frequency\": \"monthly\"\n\t\t}],\n\t\t\"expenses\": [{\n\t\t\t\"amount\": \"50\",\n\t\t\t\"type\": \"Medical\",\n\t\t\t\"frequency\": \"weekly\"\n\t\t}],\n\t\t\"student\": \"false\",\n\t\t\"studentFulltime\": \"false\",\n\t\t\"pregnant\": \"false\",\n\t\t\"unemployed\": \"false\",\n\t\t\"unemployedWorkedLast18Months\": \"false\",\n\t\t\"blind\": \"false\",\n\t\t\"disabled\": \"false\",\n\t\t\"veteran\": \"true\",\n\t\t\"benefitsMedicaid\": \"false\",\n\t\t\"benefitsMedicaidDisability\": \"false\",\n\t\t\"headOfHousehold\": \"true\",\n\t\t\"livingOwnerOnDeed\": \"false\",\n\t\t\"livingRentalOnLease\": \"true\"\n\t}]\n}]"
						},
						"url": {
							"raw": "https://{{domain}}/eligibilityPrograms",
							"protocol": "https",
							"host": [
								"{{domain}}"
							],
							"path": [
								"eligibilityPrograms"
							]
						}
					},
					"response": []
				}
			],
			"description": "This group contains tests for the Eligibility Programs (single request) endpoint. Authorization is managed by the Pre-request Script setting the appropriate environment variables for {{username}} and {{token}}. "
		},
		{
			"name": "Bulk Submission Import",
			"item": [
				{
					"name": "Basic Request",
					"request": {
						"method": "POST",
						"header": [
							{
								"key": "Authorization",
								"value": "{{token}}"
							}
						],
						"body": {
							"mode": "formdata",
							"formdata": [
								{
									"key": "",
									"type": "file",
									"src": ""
								}
							]
						},
						"url": {
							"raw": "https://{{domain}}/bulkSubmission/import",
							"protocol": "https",
							"host": [
								"{{domain}}"
							],
							"path": [
								"bulkSubmission",
								"import"
							]
						}
					},
					"response": []
				},
				{
					"name": "Filtered Request",
					"request": {
						"method": "POST",
						"header": [
							{
								"key": "Authorization",
								"value": "{{token}}"
							}
						],
						"body": {
							"mode": "formdata",
							"formdata": [
								{
									"key": "",
									"type": "file",
									"src": ""
								}
							]
						},
						"url": {
							"raw": "https://{{domain}}/bulkSubmission/import?interestedPrograms={{interested_programs}}",
							"protocol": "https",
							"host": [
								"{{domain}}"
							],
							"path": [
								"bulkSubmission",
								"import"
							],
							"query": [
								{
									"key": "interestedPrograms",
									"value": "{{interested_programs}}"
								}
							]
						}
					},
					"response": []
				}
			]
		},
		{
			"name": "Auth Token",
			"request": {
				"method": "POST",
				"header": [
					{
						"key": "Content-Type",
						"value": "application/json"
					}
				],
				"body": {
					"mode": "raw",
					"raw": "{\r\n\t\"username\" : \"{{username}}\",\r\n    \"password\": \"{{temp_password}}\",\r\n    \"newPassword\": \"{{new_password}}\"\r\n}"
				},
				"url": {
					"raw": "https://{{domain}}/authToken",
					"protocol": "https",
					"host": [
						"{{domain}}"
					],
					"path": [
						"authToken"
					]
				}
			},
			"response": []
		},
		{
			"name": "Reset Password",
			"request": {
				"method": "POST",
				"header": [
					{
						"key": "Content-Type",
						"value": "application/json"
					}
				],
				"body": {
					"mode": "raw",
					"raw": "{\r\n\t\"username\" : \"{{username}}\",\r\n\t\"password\": \"{{current_password}}\",\r\n\t\"newPassword\": \"{{new_password}}\"\r\n}"
				},
				"url": {
					"raw": "https://{{domain}}/authToken",
					"protocol": "https",
					"host": [
						"{{domain}}"
					],
					"path": [
						"authToken"
					]
				}
			},
			"response": []
		},
		{
			"name": "Forgot Password",
			"request": {
				"method": "POST",
				"header": [
					{
						"key": "Content-Type",
						"value": "application/json"
					}
				],
				"body": {
					"mode": "raw",
					"raw": "{\r\n\t\"username\" : \"{{username}}\"\r\n}"
				},
				"url": {
					"raw": "https://{{domain}}/forgotPassword",
					"protocol": "https",
					"host": [
						"{{domain}}"
					],
					"path": [
						"forgotPassword"
					]
				}
			},
			"response": []
		},
		{
			"name": "Verify Password Reset",
			"request": {
				"method": "POST",
				"header": [
					{
						"key": "Content-Type",
						"value": "application/json",
						"type": "text"
					}
				],
				"body": {
					"mode": "raw",
					"raw": "{\n\t\"username\": \"{{username}}\",\n\t\"verificationCode\": \"{{verification_code}}\",\n\t\"newPassword\": \"{{new_password}}\"\n}"
				},
				"url": {
					"raw": "https://{{domain}}/confirmPassword",
					"protocol": "https",
					"host": [
						"{{domain}}"
					],
					"path": [
						"confirmPassword"
					]
				},
				"description": "example curl to reset password with verification code recieved via email."
			},
			"response": []
		}
	]
}