caseId,Household.cashOnHand,Household.livingRentalType,Household.livingRenting,Household.livingOwner,Household.livingStayingWithFriend,Household.livingHotel,Household.livingShelter,Household.livingPreferNotToSay,1.Person.age,1.Person.student,1.Person.studentFulltime,1.Person.pregnant,1.Person.unemployed,1.Person.unemployedWorkedLast18Months,1.Person.blind,1.Person.disabled,1.Person.veteran,1.Person.benefitsMedicaid,1.Person.benefitsMedicaidDisability,1.Person.householdMemberType,1.Person.livingOwnerOnDeed,1.Person.livingRentalOnLease,1.Person.incomes.1.amount,1.Person.incomes.1.type,1.Person.incomes.1.frequency,1.Person.incomes.2.amount,1.Person.incomes.2.type,1.Person.incomes.2.frequency,1.Person.expenses.1.amount,1.Person.expenses.1.type,1.Person.expenses.1.frequency,1.Person.expenses.2.amount,1.Person.expenses.2.type,1.Person.expenses.2.frequency,1.Person.expenses.3.amount,1.Person.expenses.3.type,1.Person.expenses.3.frequency,1.Person.expenses.4.amount,1.Person.expenses.4.type,1.Person.expenses.4.frequency,2.Person.age,2.Person.student,2.Person.studentFulltime,2.Person.pregnant,2.Person.unemployed,2.Person.unemployedWorkedLast18Months,2.Person.blind,2.Person.disabled,2.Person.veteran,2.Person.benefitsMedicaid,2.Person.benefitsMedicaidDisability,2.Person.householdMemberType,2.Person.livingOwnerOnDeed,2.Person.livingRentalOnLease,2.Person.incomes.1.amount,2.Person.incomes.1.type,2.Person.incomes.1.frequency,2.Person.expenses.1.amount,2.Person.expenses.1.type,2.Person.expenses.1.frequency,2.Person.expenses.2.amount,2.Person.expenses.2.type,2.Person.expenses.2.frequency,3.Person.age,3.Person.student,3.Person.studentFulltime,3.Person.pregnant,3.Person.unemployed,3.Person.unemployedWorkedLast18Months,3.Person.blind,3.Person.disabled,3.Person.veteran,3.Person.benefitsMedicaid,3.Person.benefitsMedicaidDisability,3.Person.householdMemberType,3.Person.livingOwnerOnDeed,3.Person.livingRentalOnLease,3.Person.incomes.1.amount,3.Person.incomes.1.type,3.Person.incomes.1.frequency,3.Person.expenses.1.amount,3.Person.expenses.1.type,3.Person.expenses.1.frequency,3.Person.expenses.2.amount,3.Person.expenses.2.type,3.Person.expenses.2.frequency,3.Person.expenses.3.amount,3.Person.expenses.3.type,3.Person.expenses.3.frequency,4.Person.age,4.Person.student,4.Person.studentFulltime,4.Person.pregnant,4.Person.unemployed,4.Person.unemployedWorkedLast18Months,4.Person.blind,4.Person.disabled,4.Person.veteran,4.Person.benefitsMedicaid,4.Person.benefitsMedicaidDisability,4.Person.householdMemberType,4.Person.livingOwnerOnDeed,4.Person.livingRentalOnLease,4.Person.incomes.1.amount,4.Person.incomes.1.type,4.Person.incomes.1.frequency,4.Person.expenses.1.amount,4.Person.expenses.1.type,4.Person.expenses.1.frequency,5.Person.age,5.Person.student,5.Person.studentFulltime,5.Person.pregnant,5.Person.unemployed,5.Person.unemployedWorkedLast18Months,5.Person.blind,5.Person.disabled,5.Person.veteran,5.Person.benefitsMedicaid,5.Person.benefitsMedicaidDisability,5.Person.householdMemberType,5.Person.livingOwnerOnDeed,5.Person.livingRentalOnLease,5.Person.incomes.1.amount,5.Person.incomes.1.type,5.Person.incomes.1.frequency,5.Person.expenses.1.amount,5.Person.expenses.1.type,5.Person.expenses.1.frequency,6.Person.age,6.Person.student,6.Person.studentFulltime,6.Person.pregnant,6.Person.unemployed,6.Person.unemployedWorkedLast18Months,6.Person.blind,6.Person.disabled,6.Person.veteran,6.Person.benefitsMedicaid,6.Person.benefitsMedicaidDisability,6.Person.householdMemberType,6.Person.livingOwnerOnDeed,6.Person.livingRentalOnLease,6.Person.incomes.1.amount,6.Person.incomes.1.type,6.Person.incomes.1.frequency,6.Person.expenses.1.amount,6.Person.expenses.1.type,6.Person.expenses.1.frequency,7.Person.age,7.Person.student,7.Person.studentFulltime,7.Person.pregnant,7.Person.unemployed,7.Person.unemployedWorkedLast18Months,7.Person.blind,7.Person.disabled,7.Person.veteran,7.Person.benefitsMedicaid,7.Person.benefitsMedicaidDisability,7.Person.householdMemberType,7.Person.livingOwnerOnDeed,7.Person.livingRentalOnLease,7.Person.incomes.1.amount,7.Person.incomes.1.type,7.Person.incomes.1.frequency,7.Person.expenses.1.amount,7.Person.expenses.1.type,7.Person.expenses.1.frequency
11111,0,RentControlled,TRUE,FALSE,FALSE,FALSE,FALSE,FALSE,62,FALSE,FALSE,FALSE,TRUE,TRUE,FALSE,FALSE,FALSE,TRUE,FALSE,HeadOfHousehold,FALSE,TRUE,200,Unemployment,Weekly,,,,400,Utilities,Monthly,,,,,,,,,,,,,,,,,,,,,,,,,,,,,,,,,,,,,,,,,,,,,,,,,,,,,,,,,,,,,,,,,,,,,,,,,,,,,,,,,,,,,,,,,,,,,,,,,,,,,,,,,,,,,,,,,,,,,,,,,,,,,,,,,,,,,,,,,,
22222,7821.99,NYCHA,TRUE,FALSE,FALSE,FALSE,FALSE,FALSE,55,FALSE,FALSE,FALSE,TRUE,FALSE,FALSE,FALSE,FALSE,TRUE,FALSE,HeadOfHousehold,FALSE,TRUE,500,Alimony,Monthly,,,,,,,,,,,,,,,,21,TRUE,TRUE,FALSE,TRUE,TRUE,FALSE,FALSE,FALSE,TRUE,FALSE,Child,FALSE,FALSE,,,,,,,,,,,,,,,,,,,,,,,,,,,,,,,,,,,,,,,,,,,,,,,,,,,,,,,,,,,,,,,,,,,,,,,,,,,,,,,,,,,,,,,,,,,,,,,,,,,,,,,,,,,,,,,,,,,
33333,200,,FALSE,FALSE,FALSE,FALSE,FALSE,TRUE,35,FALSE,FALSE,FALSE,TRUE,TRUE,FALSE,FALSE,FALSE,FALSE,FALSE,Child,FALSE,FALSE,,,,,,,64.98,Telephone,Monthly,,,,,,,,,,58,FALSE,FALSE,FALSE,TRUE,FALSE,FALSE,FALSE,FALSE,TRUE,FALSE,HeadOfHousehold,FALSE,FALSE,,,,353,Rent,Monthly,700,Utilities,Monthly,18,FALSE,FALSE,FALSE,TRUE,FALSE,FALSE,FALSE,FALSE,FALSE,FALSE,Grandchild,FALSE,FALSE,,,,,,,,,,,,,,,,,,,,,,,,,,,,,,,,,,,,,,,,,,,,,,,,,,,,,,,,,,,,,,,,,,,,,,,,,,,,,,,,,,,,,,,,,,,,
44444,0,RentControlled,TRUE,FALSE,FALSE,FALSE,FALSE,FALSE,86,FALSE,FALSE,FALSE,FALSE,FALSE,FALSE,FALSE,FALSE,FALSE,FALSE,HeadOfHousehold,FALSE,TRUE,1500,SSRetirement,Monthly,75,Pension,Monthly,1240,Rent,Monthly,150,Utilities,Monthly,50,Telephone,Monthly,,,,,,,,,,,,,,,,,,,,,,,,,,,,,,,,,,,,,,,,,,,,,,,,,,,,,,,,,,,,,,,,,,,,,,,,,,,,,,,,,,,,,,,,,,,,,,,,,,,,,,,,,,,,,,,,,,,,,,,,,,,,,,,,,,,,
55555,0,,FALSE,TRUE,FALSE,FALSE,FALSE,FALSE,41,FALSE,FALSE,FALSE,FALSE,FALSE,FALSE,FALSE,FALSE,TRUE,FALSE,HeadOfHousehold,TRUE,FALSE,,,,,,,2929.98,Mortgage,Monthly,300,Heating,Monthly,250,Utilities,Monthly,120,Telephone,Monthly,39,FALSE,FALSE,FALSE,FALSE,FALSE,FALSE,FALSE,FALSE,TRUE,FALSE,Spouse,FALSE,FALSE,,,,,,,,,,19,TRUE,TRUE,FALSE,FALSE,FALSE,FALSE,FALSE,FALSE,TRUE,FALSE,Child,FALSE,FALSE,,,,,,,,,,,,,12,TRUE,TRUE,FALSE,FALSE,FALSE,FALSE,FALSE,FALSE,TRUE,FALSE,Child,FALSE,FALSE,,,,,,,,,,,,,,,,,,,,,,,,,,,,,,,,,,,,,,,,,,,,,,,,,,,,,,,,,,,,,,,,,,
66666,3.55,,TRUE,FALSE,FALSE,FALSE,FALSE,FALSE,29,FALSE,FALSE,FALSE,TRUE,FALSE,FALSE,TRUE,FALSE,TRUE,TRUE,HeadOfHousehold,FALSE,FALSE,,,,,,,,,,,,,,,,,,,2,FALSE,FALSE,FALSE,FALSE,FALSE,FALSE,FALSE,FALSE,TRUE,FALSE,Child,FALSE,FALSE,,,,,,,,,,,,,,,,,,,,,,,,,,,,,,,,,,,,,,,,,,,,,,,,,,,,,,,,,,,,,,,,,,,,,,,,,,,,,,,,,,,,,,,,,,,,,,,,,,,,,,,,,,,,,,,,,,,
77777,55000,,TRUE,FALSE,FALSE,FALSE,FALSE,FALSE,30,FALSE,FALSE,FALSE,FALSE,FALSE,FALSE,FALSE,FALSE,FALSE,FALSE,HeadOfHousehold,FALSE,TRUE,1000,Wages,Weekly,,,,750,Rent,Monthly,35,Telephone,Monthly,60,Utilities,Monthly,,,,31,FALSE,FALSE,FALSE,FALSE,FALSE,FALSE,FALSE,FALSE,FALSE,FALSE,Spouse,FALSE,TRUE,,,,,,,,,,12,TRUE,TRUE,FALSE,FALSE,FALSE,FALSE,FALSE,FALSE,FALSE,FALSE,Child,FALSE,FALSE,,,,,,,,,,,,,6,TRUE,TRUE,FALSE,FALSE,FALSE,FALSE,FALSE,FALSE,FALSE,FALSE,Child,FALSE,FALSE,,,,,,,4,TRUE,TRUE,FALSE,FALSE,FALSE,FALSE,FALSE,FALSE,FALSE,FALSE,Child,FALSE,FALSE,,,,,,,2,FALSE,FALSE,FALSE,FALSE,FALSE,FALSE,FALSE,FALSE,FALSE,FALSE,Child,FALSE,FALSE,,,,,,,1,FALSE,FALSE,FALSE,FALSE,FALSE,FALSE,FALSE,FALSE,FALSE,FALSE,Child,FALSE,FALSE,,,,,,
88888,50,,FALSE,FALSE,FALSE,FALSE,FALSE,TRUE,29,FALSE,FALSE,TRUE,FALSE,FALSE,FALSE,FALSE,FALSE,TRUE,FALSE,HeadOfHousehold,FALSE,FALSE,312,Wages,Weekly,,,,150,ChildCare,Weekly,40,Telephone,Monthly,,,,,,,1,FALSE,FALSE,FALSE,FALSE,FALSE,FALSE,FALSE,FALSE,TRUE,FALSE,Child,FALSE,FALSE,,,,,,,,,,22,FALSE,FALSE,FALSE,FALSE,FALSE,FALSE,FALSE,FALSE,TRUE,FALSE,Spouse,FALSE,FALSE,412,Wages,Weekly,48.87,Medical,Monthly,46,Telephone,Monthly,500,Rent,Monthly,,,,,,,,,,,,,,,,,,,,,,,,,,,,,,,,,,,,,,,,,,,,,,,,,,,,,,,,,,,,,,,,,,,,,,,,,,,,,,,,
99999,0,FamilyHome,TRUE,FALSE,FALSE,FALSE,FALSE,FALSE,29,FALSE,FALSE,FALSE,FALSE,FALSE,FALSE,FALSE,FALSE,TRUE,FALSE,HeadOfHousehold,FALSE,TRUE,,,,,,,60,Telephone,Monthly,,,,,,,,,,29,FALSE,FALSE,FALSE,TRUE,FALSE,FALSE,FALSE,FALSE,TRUE,FALSE,Spouse,FALSE,TRUE,,,,,,,,,,10,TRUE,TRUE,FALSE,FALSE,FALSE,FALSE,FALSE,FALSE,TRUE,FALSE,StepChild,FALSE,TRUE,,,,,,,,,,,,,8,TRUE,TRUE,FALSE,FALSE,FALSE,FALSE,FALSE,FALSE,TRUE,FALSE,StepChild,FALSE,TRUE,,,,,,,1,FALSE,FALSE,FALSE,FALSE,FALSE,FALSE,FALSE,FALSE,TRUE,FALSE,Child,FALSE,FALSE,,,,,,,,,,,,,,,,,,,,,,,,,,,,,,,,,,,,,,,,,,,,,,